order_id,customer_id,product,price,quantity,city,order_date,total_price
0,151,Headphones,16047,3,Delhi,2026-02-21 10:02:45.962012,48141
1,422,Laptop,19929,2,Delhi,2025-12-03 10:02:45.962027,39858
2,227,Laptop,29699,2,Mumbai,2025-12-16 10:02:45.962030,59398
3,195,Headphones,2492,1,Pune,2025-12-18 10:02:45.962032,2492
4,164,Phone,38465,4,Mumbai,2026-01-24 10:02:45.962033,153860
5,235,Phone,45392,3,Pune,2026-02-11 10:02:45.962034,136176
6,438,Phone,7504,2,Jaipur,2025-12-22 10:02:45.962036,15008
7,300,Phone,23328,2,Jaipur,2026-02-28 10:02:45.962037,46656
8,376,Headphones,15038,3,Mumbai,2026-02-21 10:02:45.962038,45114
9,409,Headphones,16316,1,Pune,2026-01-23 10:02:45.962039,16316
10,367,Laptop,26167,5,Mumbai,2025-12-27 10:02:45.962041,130835
11,334,Mouse,35189,5,Jaipur,2025-12-12 10:02:45.962042,175945
12,365,Mouse,18557,3,Jaipur,2025-12-04 10:02:45.962043,55671
13,284,Keyboard,26463,1,Delhi,2026-02-27 10:02:45.962044,26463
14,475,Headphones,28226,3,Mumbai,2025-11-28 10:02:45.962046,84678
15,434,Phone,32160,1,Pune,2025-12-20 10:02:45.962047,32160
16,136,Keyboard,24260,3,Mumbai,2026-02-03 10:02:45.962048,72780
17,273,Laptop,17448,2,Pune,2026-01-02 10:02:45.962049,34896
18,268,Keyboard,12688,3,Delhi,2025-12-17 10:02:45.962050,38064
19,323,Keyboard,25285,5,Bangalore,2026-02-12 10:02:45.962051,126425
20,453,Laptop,36728,5,Bangalore,2025-12-08 10:02:45.962052,183640
21,395,Headphones,18686,1,Delhi,2026-01-14 10:02:45.962053,18686
22,283,Headphones,25665,2,Jaipur,2025-12-20 10:02:45.962055,51330
23,314,Laptop,48867,1,Bangalore,2026-01-02 10:02:45.962056,48867
24,186,Keyboard,36020,4,Pune,2025-12-09 10:02:45.962057,144080
25,231,Headphones,16056,5,Bangalore,2026-01-12 10:02:45.962058,80280
26,308,Laptop,18288,3,Mumbai,2026-02-15 10:02:45.962059,54864
27,366,Phone,3581,2,Mumbai,2026-01-22 10:02:45.962060,7162
28,427,Keyboard,20278,3,Pune,2025-12-13 10:02:45.962061,60834
29,370,Phone,32879,2,Delhi,2025-12-16 10:02:45.962062,65758
30,473,Laptop,47328,2,Mumbai,2025-12-04 10:02:45.962063,94656
31,151,Keyboard,45636,1,Bangalore,2026-01-26 10:02:45.962065,45636
32,374,Keyboard,35306,3,Mumbai,2026-01-23 10:02:45.962066,105918
33,456,Phone,39720,5,Bangalore,2025-12-21 10:02:45.962067,198600
34,116,Phone,18038,1,Pune,2026-01-13 10:02:45.962068,18038
35,322,Laptop,35593,4,Mumbai,2026-02-22 10:02:45.962069,142372
36,336,Keyboard,15566,1,Delhi,2026-02-17 10:02:45.962070,15566
37,484,Headphones,29961,4,Pune,2025-12-09 10:02:45.962071,119844
38,115,Phone,35246,2,Delhi,2026-01-04 10:02:45.962072,70492
39,124,Mouse,42723,4,Mumbai,2026-02-16 10:02:45.962074,170892
40,146,Mouse,49353,5,Jaipur,2026-02-23 10:02:45.962075,246765
41,125,Headphones,24259,1,Bangalore,2026-02-18 10:02:45.962076,24259
42,162,Laptop,39756,1,Jaipur,2025-12-11 10:02:45.962077,39756
43,220,Mouse,34699,4,Bangalore,2025-11-28 10:02:45.962078,138796
44,197,Phone,34634,5,Bangalore,2026-01-23 10:02:45.962079,173170
45,317,Laptop,21970,5,Jaipur,2026-01-24 10:02:45.962080,109850
46,483,Keyboard,21196,4,Delhi,2026-02-07 10:02:45.962081,84784
47,293,Phone,7770,4,Delhi,2025-12-10 10:02:45.962083,31080
48,444,Mouse,34083,2,Jaipur,2026-02-17 10:02:45.962084,68166
49,477,Headphones,12362,1,Jaipur,2026-02-26 10:02:45.962085,12362
50,375,Laptop,27649,5,Delhi,2026-01-20 10:02:45.962086,138245
51,387,Laptop,17641,1,Pune,2026-01-13 10:02:45.962087,17641
52,101,Mouse,13859,3,Pune,2025-12-30 10:02:45.962088,41577
53,478,Phone,3000,1,Delhi,2026-01-26 10:02:45.962089,3000
54,471,Mouse,19301,5,Jaipur,2026-02-23 10:02:45.962090,96505
55,374,Headphones,33092,5,Mumbai,2026-01-31 10:02:45.962091,165460
56,268,Laptop,9479,3,Delhi,2026-01-18 10:02:45.962092,28437
57,366,Keyboard,41054,5,Pune,2026-01-09 10:02:45.962094,205270
58,121,Mouse,42304,1,Pune,2026-01-06 10:02:45.962095,42304
59,248,Headphones,37764,3,Mumbai,2025-11-26 10:02:45.962096,113292
60,115,Keyboard,2174,1,Pune,2026-01-30 10:02:45.962097,2174
61,414,Headphones,40769,2,Mumbai,2026-01-22 10:02:45.962098,81538
62,500,Headphones,16083,4,Pune,2026-01-14 10:02:45.962100,64332
63,170,Keyboard,3593,4,Bangalore,2025-12-19 10:02:45.962102,14372
64,198,Laptop,25165,5,Bangalore,2026-01-22 10:02:45.962103,125825
65,186,Laptop,9402,1,Pune,2026-03-03 10:02:45.962104,9402
66,417,Laptop,40314,1,Jaipur,2026-01-18 10:02:45.962105,40314
67,365,Headphones,1304,4,Pune,2025-12-03 10:02:45.962106,5216
68,456,Keyboard,33655,5,Jaipur,2026-03-02 10:02:45.962107,168275
69,273,Keyboard,33698,2,Bangalore,2026-01-07 10:02:45.962108,67396
70,160,Phone,24921,4,Delhi,2026-01-23 10:02:45.962109,99684
71,344,Headphones,20549,1,Bangalore,2026-03-01 10:02:45.962110,20549
72,438,Laptop,5354,3,Mumbai,2026-01-21 10:02:45.962112,16062
73,469,Laptop,39745,4,Mumbai,2025-12-14 10:02:45.962113,158980
74,302,Keyboard,9674,4,Delhi,2025-12-20 10:02:45.962114,38696
75,150,Keyboard,32571,3,Pune,2025-12-29 10:02:45.962115,97713
76,128,Mouse,26162,5,Bangalore,2025-11-26 10:02:45.962116,130810
77,174,Keyboard,31352,4,Pune,2026-01-16 10:02:45.962117,125408
78,370,Headphones,2349,4,Mumbai,2025-12-18 10:02:45.962118,9396
79,321,Keyboard,37035,1,Bangalore,2026-01-04 10:02:45.962119,37035
80,377,Keyboard,48874,4,Bangalore,2026-03-03 10:02:45.962120,195496
81,234,Mouse,31777,4,Pune,2026-01-30 10:02:45.962121,127108
82,246,Phone,19607,5,Jaipur,2026-01-27 10:02:45.962122,98035
83,231,Keyboard,27598,2,Bangalore,2026-02-28 10:02:45.962123,55196
84,173,Phone,25299,1,Delhi,2025-12-30 10:02:45.962124,25299
85,406,Mouse,2046,3,Jaipur,2026-01-12 10:02:45.962125,6138
86,453,Keyboard,34785,2,Pune,2026-03-03 10:02:45.962127,69570
87,427,Mouse,6745,3,Mumbai,2025-12-15 10:02:45.962128,20235
88,177,Keyboard,14357,1,Mumbai,2026-01-24 10:02:45.962129,14357
89,109,Mouse,17656,2,Pune,2026-01-21 10:02:45.962130,35312
90,444,Mouse,42719,4,Mumbai,2025-12-28 10:02:45.962131,170876
91,101,Headphones,42852,1,Jaipur,2025-12-21 10:02:45.962132,42852
92,344,Laptop,22916,3,Jaipur,2025-12-22 10:02:45.962134,68748
93,285,Keyboard,28557,1,Bangalore,2026-01-29 10:02:45.962135,28557
94,470,Headphones,43245,5,Delhi,2026-02-25 10:02:45.962136,216225
95,402,Phone,28336,2,Mumbai,2026-01-29 10:02:45.962137,56672
96,121,Mouse,22964,3,Pune,2026-01-31 10:02:45.962139,68892
97,217,Mouse,35388,5,Mumbai,2026-01-19 10:02:45.962140,176940
98,213,Phone,45748,3,Mumbai,2025-12-26 10:02:45.962141,137244
99,261,Mouse,970,4,Delhi,2026-01-09 10:02:45.962142,3880
100,251,Keyboard,15473,3,Pune,2025-12-23 10:02:45.962143,46419
101,456,Headphones,17804,4,Delhi,2026-01-17 10:02:45.962144,71216
102,125,Headphones,15549,5,Jaipur,2025-12-19 10:02:45.962145,77745
103,374,Mouse,6954,1,Mumbai,2026-02-08 10:02:45.962146,6954
104,371,Headphones,49603,4,Delhi,2025-12-07 10:02:45.962148,198412
105,209,Laptop,9163,3,Jaipur,2025-12-28 10:02:45.962149,27489
106,491,Laptop,15544,4,Bangalore,2026-02-16 10:02:45.962150,62176
107,284,Keyboard,40429,1,Pune,2025-12-27 10:02:45.962151,40429
108,271,Headphones,42744,2,Mumbai,2026-01-04 10:02:45.962152,85488
109,394,Phone,24384,2,Delhi,2025-12-21 10:02:45.962153,48768
110,419,Headphones,42044,2,Pune,2026-01-17 10:02:45.962154,84088
111,197,Mouse,17263,4,Jaipur,2025-12-05 10:02:45.962155,69052
112,471,Keyboard,14723,3,Bangalore,2026-02-19 10:02:45.962156,44169
113,406,Phone,36974,2,Jaipur,2026-01-03 10:02:45.962158,73948
114,319,Headphones,17958,4,Bangalore,2025-12-01 10:02:45.962159,71832
115,366,Keyboard,23967,3,Jaipur,2025-12-01 10:02:45.962160,71901
116,445,Phone,5525,2,Pune,2026-01-03 10:02:45.962161,11050
117,147,Phone,10859,3,Bangalore,2025-12-04 10:02:45.962162,32577
118,499,Keyboard,20885,1,Jaipur,2026-01-15 10:02:45.962163,20885
119,234,Mouse,48223,1,Jaipur,2025-12-23 10:02:45.962164,48223
120,350,Laptop,40074,2,Jaipur,2026-02-02 10:02:45.962165,80148
121,102,Mouse,13225,4,Pune,2026-02-19 10:02:45.962166,52900
122,294,Laptop,38848,2,Bangalore,2026-01-27 10:02:45.962167,77696
123,443,Phone,25845,3,Delhi,2025-11-26 10:02:45.962169,77535
124,220,Headphones,47288,3,Bangalore,2026-01-23 10:02:45.962170,141864
125,486,Laptop,22777,1,Delhi,2026-02-20 10:02:45.962171,22777
126,451,Keyboard,19325,2,Mumbai,2026-01-28 10:02:45.962172,38650
127,470,Keyboard,6753,2,Delhi,2025-11-29 10:02:45.962173,13506
128,264,Keyboard,20659,1,Jaipur,2025-12-22 10:02:45.962174,20659
129,343,Phone,37574,4,Jaipur,2025-12-10 10:02:45.962176,150296
130,122,Keyboard,16993,3,Pune,2026-02-05 10:02:45.962177,50979
131,251,Laptop,22691,5,Delhi,2026-02-27 10:02:45.962178,113455
132,202,Laptop,1603,3,Pune,2026-01-15 10:02:45.962179,4809
133,477,Keyboard,14606,5,Pune,2026-02-09 10:02:45.962180,73030
134,325,Laptop,35967,2,Delhi,2026-03-04 10:02:45.962181,71934
135,301,Mouse,14249,3,Jaipur,2026-01-25 10:02:45.962182,42747
136,122,Mouse,47733,4,Pune,2026-02-21 10:02:45.962183,190932
137,258,Mouse,5754,5,Pune,2026-01-20 10:02:45.962184,28770
138,247,Mouse,23834,1,Pune,2026-01-31 10:02:45.962185,23834
139,405,Laptop,47429,3,Pune,2026-02-19 10:02:45.962187,142287
140,353,Laptop,23277,1,Bangalore,2025-12-07 10:02:45.962188,23277
141,497,Keyboard,1860,1,Bangalore,2026-02-23 10:02:45.962190,1860
142,279,Headphones,32485,2,Bangalore,2026-01-02 10:02:45.962191,64970
143,162,Mouse,5179,4,Mumbai,2025-12-05 10:02:45.962192,20716
144,378,Mouse,26129,4,Bangalore,2025-11-28 10:02:45.962193,104516
145,417,Phone,20323,4,Bangalore,2026-02-23 10:02:45.962194,81292
146,405,Headphones,35807,5,Jaipur,2026-02-27 10:02:45.962196,179035
147,355,Laptop,1870,3,Delhi,2026-01-06 10:02:45.962197,5610
148,147,Phone,36069,1,Mumbai,2026-02-26 10:02:45.962198,36069
149,199,Keyboard,9271,5,Pune,2026-02-02 10:02:45.962199,46355
150,291,Headphones,46232,3,Jaipur,2026-01-20 10:02:45.962200,138696
151,272,Laptop,26215,3,Bangalore,2025-12-01 10:02:45.962201,78645
152,405,Phone,24323,3,Bangalore,2026-01-10 10:02:45.962202,72969
153,205,Headphones,17608,3,Mumbai,2026-01-01 10:02:45.962204,52824
154,223,Phone,37602,3,Delhi,2026-01-04 10:02:45.962205,112806
155,344,Mouse,22294,5,Delhi,2025-12-27 10:02:45.962206,111470
156,402,Mouse,28970,4,Mumbai,2026-01-07 10:02:45.962207,115880
157,336,Laptop,49937,3,Jaipur,2026-02-11 10:02:45.962208,149811
158,102,Keyboard,1462,4,Jaipur,2026-02-19 10:02:45.962209,5848
159,426,Headphones,13610,3,Delhi,2026-02-10 10:02:45.962210,40830
160,353,Keyboard,16837,4,Delhi,2026-01-06 10:02:45.962212,67348
161,333,Keyboard,29521,3,Jaipur,2026-01-05 10:02:45.962213,88563
162,174,Headphones,26021,5,Bangalore,2025-12-25 10:02:45.962214,130105
163,389,Keyboard,42248,3,Delhi,2026-03-04 10:02:45.962215,126744
164,496,Keyboard,25574,3,Mumbai,2026-01-22 10:02:45.962216,76722
165,340,Laptop,48896,5,Delhi,2026-01-22 10:02:45.962217,244480
166,195,Headphones,25806,1,Pune,2026-01-28 10:02:45.962218,25806
167,472,Headphones,21038,5,Jaipur,2026-02-11 10:02:45.962219,105190
168,274,Keyboard,2220,1,Mumbai,2026-02-03 10:02:45.962220,2220
169,117,Keyboard,41104,1,Mumbai,2026-02-10 10:02:45.962221,41104
170,306,Keyboard,17166,4,Jaipur,2025-12-30 10:02:45.962222,68664
171,353,Keyboard,26894,4,Pune,2026-01-08 10:02:45.962224,107576
172,495,Keyboard,39601,5,Mumbai,2025-12-25 10:02:45.962225,198005
173,182,Headphones,3321,5,Mumbai,2026-01-12 10:02:45.962226,16605
174,306,Mouse,29902,4,Delhi,2026-01-14 10:02:45.962227,119608
175,458,Laptop,25470,3,Delhi,2026-01-01 10:02:45.962228,76410
176,237,Laptop,17079,4,Bangalore,2026-02-11 10:02:45.962229,68316
177,352,Keyboard,18474,2,Mumbai,2025-12-06 10:02:45.962230,36948
178,187,Mouse,28035,2,Jaipur,2026-02-28 10:02:45.962232,56070
179,488,Mouse,16490,2,Pune,2026-01-21 10:02:45.962233,32980
180,272,Keyboard,1044,2,Mumbai,2026-02-02 10:02:45.962234,2088
181,336,Headphones,12894,4,Jaipur,2026-01-09 10:02:45.962235,51576
182,185,Laptop,10346,5,Pune,2026-03-02 10:02:45.962236,51730
183,283,Headphones,29970,4,Mumbai,2026-01-12 10:02:45.962237,119880
184,360,Mouse,25216,4,Jaipur,2025-12-28 10:02:45.962238,100864
185,110,Phone,5604,2,Pune,2026-02-22 10:02:45.962239,11208
186,157,Laptop,7371,4,Delhi,2026-02-01 10:02:45.962240,29484
187,459,Keyboard,47975,1,Jaipur,2026-01-01 10:02:45.962241,47975
188,220,Keyboard,36952,1,Mumbai,2026-01-13 10:02:45.962242,36952
189,241,Headphones,41552,1,Mumbai,2025-12-02 10:02:45.962243,41552
190,415,Mouse,13750,3,Mumbai,2026-03-05 10:02:45.962245,41250
191,176,Mouse,27899,4,Jaipur,2026-01-05 10:02:45.962246,111596
192,280,Mouse,30079,5,Bangalore,2026-02-14 10:02:45.962247,150395
193,485,Mouse,49746,4,Bangalore,2026-01-24 10:02:45.962248,198984
194,276,Phone,10860,2,Jaipur,2025-12-16 10:02:45.962249,21720
195,157,Laptop,23376,5,Pune,2025-12-30 10:02:45.962250,116880
196,394,Laptop,20935,5,Mumbai,2025-12-12 10:02:45.962251,104675
197,432,Headphones,7626,2,Mumbai,2025-12-03 10:02:45.962252,15252
198,205,Mouse,38469,4,Mumbai,2025-12-09 10:02:45.962253,153876
199,390,Phone,4080,1,Delhi,2025-12-14 10:02:45.962254,4080
200,248,Phone,13085,4,Pune,2025-12-20 10:02:45.962255,52340
201,414,Mouse,38361,5,Mumbai,2026-01-28 10:02:45.962256,191805
202,257,Keyboard,31607,5,Pune,2025-12-27 10:02:45.962257,158035
203,127,Laptop,45717,5,Jaipur,2025-12-01 10:02:45.962258,228585
204,233,Keyboard,34337,3,Jaipur,2026-02-18 10:02:45.962260,103011
205,206,Mouse,42336,2,Delhi,2026-01-03 10:02:45.962261,84672
206,335,Headphones,1233,2,Pune,2026-01-30 10:02:45.962262,2466
207,123,Phone,9464,4,Pune,2025-12-16 10:02:45.962263,37856
208,144,Mouse,47505,1,Pune,2025-12-31 10:02:45.962264,47505
209,340,Keyboard,29003,3,Delhi,2025-12-21 10:02:45.962265,87009
210,406,Headphones,32569,2,Jaipur,2026-02-10 10:02:45.962266,65138
211,468,Headphones,37398,2,Mumbai,2026-01-31 10:02:45.962267,74796
212,495,Laptop,28363,2,Mumbai,2025-12-23 10:02:45.962268,56726
213,301,Headphones,49870,1,Delhi,2026-02-02 10:02:45.962270,49870
214,338,Mouse,7144,3,Delhi,2026-01-20 10:02:45.962271,21432
215,306,Keyboard,11017,2,Bangalore,2025-12-22 10:02:45.962272,22034
216,277,Keyboard,803,5,Delhi,2025-12-07 10:02:45.962273,4015
217,201,Headphones,34932,1,Pune,2025-11-29 10:02:45.962274,34932
218,362,Laptop,40160,2,Bangalore,2026-02-02 10:02:45.962276,80320
219,220,Headphones,21619,4,Mumbai,2026-02-24 10:02:45.962277,86476
220,234,Laptop,37372,5,Pune,2026-03-02 10:02:45.962278,186860
221,160,Headphones,44633,1,Bangalore,2025-11-29 10:02:45.962279,44633
222,116,Mouse,24101,5,Mumbai,2025-11-29 10:02:45.962280,120505
223,474,Keyboard,8453,1,Bangalore,2026-02-28 10:02:45.962281,8453
224,319,Headphones,9198,5,Jaipur,2026-02-03 10:02:45.962282,45990
225,119,Phone,17869,5,Delhi,2025-11-26 10:02:45.962283,89345
226,292,Mouse,30188,4,Mumbai,2026-02-25 10:02:45.962285,120752
227,118,Headphones,1835,5,Jaipur,2026-01-03 10:02:45.962286,9175
228,155,Phone,39155,3,Jaipur,2025-12-26 10:02:45.962287,117465
229,298,Mouse,37676,3,Jaipur,2026-01-28 10:02:45.962288,113028
230,219,Laptop,10570,3,Bangalore,2025-12-20 10:02:45.962289,31710
231,499,Keyboard,3602,4,Delhi,2026-01-13 10:02:45.962290,14408
232,389,Headphones,21164,1,Bangalore,2025-12-06 10:02:45.962291,21164
233,144,Phone,45826,4,Jaipur,2026-02-03 10:02:45.962292,183304
234,286,Phone,2712,2,Bangalore,2025-12-13 10:02:45.962294,5424
235,354,Headphones,31004,5,Bangalore,2026-02-22 10:02:45.962295,155020
236,381,Keyboard,33457,5,Mumbai,2025-12-12 10:02:45.962296,167285
237,369,Keyboard,16831,2,Pune,2025-12-23 10:02:45.962297,33662
238,149,Laptop,40131,5,Mumbai,2026-01-30 10:02:45.962298,200655
239,385,Laptop,15023,4,Delhi,2025-12-22 10:02:45.962299,60092
240,383,Headphones,1675,1,Mumbai,2026-02-15 10:02:45.962301,1675
241,241,Headphones,1946,3,Mumbai,2026-01-08 10:02:45.962302,5838
242,217,Keyboard,3617,4,Bangalore,2026-01-27 10:02:45.962303,14468
243,178,Laptop,2336,5,Delhi,2025-12-20 10:02:45.962304,11680
244,475,Keyboard,47439,5,Bangalore,2025-12-08 10:02:45.962305,237195
245,115,Laptop,15885,3,Bangalore,2026-01-12 10:02:45.962306,47655
246,251,Headphones,34795,2,Mumbai,2025-12-31 10:02:45.962307,69590
247,264,Headphones,7752,3,Bangalore,2025-12-06 10:02:45.962308,23256
248,302,Keyboard,9761,5,Jaipur,2025-12-06 10:02:45.962309,48805
249,314,Laptop,33121,4,Jaipur,2025-12-20 10:02:45.962310,132484
250,478,Laptop,13491,5,Jaipur,2025-12-01 10:02:45.962312,67455
251,296,Headphones,27332,5,Mumbai,2026-01-02 10:02:45.962313,136660
252,321,Phone,14454,4,Delhi,2025-12-28 10:02:45.962314,57816
253,118,Keyboard,10866,3,Mumbai,2026-02-08 10:02:45.962315,32598
254,460,Laptop,38543,4,Bangalore,2026-01-22 10:02:45.962316,154172
255,439,Keyboard,18097,1,Jaipur,2025-12-02 10:02:45.962317,18097
256,255,Phone,5799,2,Delhi,2026-01-25 10:02:45.962318,11598
257,140,Phone,18899,3,Pune,2026-01-19 10:02:45.962319,56697
258,465,Phone,46250,2,Jaipur,2025-12-26 10:02:45.962321,92500
259,387,Headphones,3844,5,Bangalore,2026-01-20 10:02:45.962322,19220
260,314,Laptop,8527,5,Mumbai,2025-12-12 10:02:45.962323,42635
261,102,Mouse,14360,5,Mumbai,2026-02-08 10:02:45.962324,71800
262,375,Laptop,9452,2,Bangalore,2026-03-05 10:02:45.962325,18904
263,412,Keyboard,36781,3,Pune,2026-03-02 10:02:45.962327,110343
264,372,Keyboard,23400,3,Pune,2026-01-12 10:02:45.962328,70200
265,263,Phone,19446,5,Delhi,2026-02-18 10:02:45.962330,97230
266,343,Mouse,7707,3,Pune,2026-02-28 10:02:45.962331,23121
267,448,Phone,25013,5,Delhi,2025-12-20 10:02:45.962332,125065
268,384,Phone,48032,2,Jaipur,2026-02-16 10:02:45.962333,96064
269,245,Headphones,44706,1,Delhi,2025-12-04 10:02:45.962334,44706
270,263,Phone,33716,3,Bangalore,2026-02-25 10:02:45.962335,101148
271,164,Phone,18667,4,Pune,2026-02-09 10:02:45.962337,74668
272,279,Headphones,36958,2,Mumbai,2026-01-09 10:02:45.962338,73916
273,399,Mouse,7440,4,Bangalore,2026-01-11 10:02:45.962339,29760
274,302,Laptop,8321,5,Mumbai,2025-12-10 10:02:45.962340,41605
275,469,Keyboard,19729,2,Pune,2025-12-27 10:02:45.962341,39458
276,303,Mouse,37781,4,Pune,2026-01-11 10:02:45.962342,151124
277,295,Keyboard,21734,3,Delhi,2025-12-18 10:02:45.962343,65202
278,179,Keyboard,9211,3,Jaipur,2025-11-27 10:02:45.962345,27633
279,341,Phone,40228,4,Delhi,2026-01-30 10:02:45.962346,160912
280,223,Laptop,14856,4,Bangalore,2026-01-15 10:02:45.962347,59424
281,228,Headphones,9080,3,Delhi,2025-11-27 10:02:45.962348,27240
282,425,Headphones,17122,5,Mumbai,2025-12-24 10:02:45.962349,85610
283,298,Keyboard,16282,5,Delhi,2025-12-18 10:02:45.962350,81410
284,420,Headphones,3797,5,Pune,2025-12-04 10:02:45.962351,18985
285,289,Keyboard,25192,4,Pune,2025-12-03 10:02:45.962352,100768
286,388,Headphones,11400,2,Pune,2026-03-05 10:02:45.962354,22800
287,388,Laptop,36794,1,Jaipur,2026-02-06 10:02:45.962355,36794
288,403,Laptop,31673,3,Jaipur,2025-12-10 10:02:45.962356,95019
289,476,Mouse,8668,1,Jaipur,2026-02-02 10:02:45.962357,8668
290,211,Laptop,27748,3,Jaipur,2025-12-01 10:02:45.962358,83244
291,236,Mouse,25740,3,Bangalore,2026-01-02 10:02:45.962359,77220
292,444,Mouse,22388,2,Bangalore,2025-12-07 10:02:45.962360,44776
293,273,Headphones,21130,4,Mumbai,2025-11-27 10:02:45.962361,84520
294,438,Laptop,48104,5,Bangalore,2026-01-13 10:02:45.962362,240520
295,454,Mouse,13130,5,Bangalore,2026-02-28 10:02:45.962363,65650
296,489,Headphones,37144,3,Mumbai,2026-01-16 10:02:45.962366,111432
297,112,Mouse,29212,5,Bangalore,2026-03-04 10:02:45.962367,146060
298,139,Phone,42430,2,Mumbai,2025-11-28 10:02:45.962368,84860
299,482,Mouse,33255,3,Pune,2025-11-28 10:02:45.962369,99765
300,125,Mouse,22580,1,Jaipur,2026-01-13 10:02:45.962370,22580
301,326,Headphones,8000,5,Jaipur,2026-01-18 10:02:45.962371,40000
302,178,Headphones,46173,1,Pune,2025-12-10 10:02:45.962372,46173
303,496,Phone,13904,3,Jaipur,2025-12-13 10:02:45.962373,41712
304,285,Keyboard,25571,1,Pune,2026-01-01 10:02:45.962374,25571
305,443,Headphones,20553,3,Pune,2026-03-03 10:02:45.962375,61659
306,100,Keyboard,8795,2,Pune,2025-12-02 10:02:45.962377,17590
307,166,Phone,23989,5,Delhi,2025-12-05 10:02:45.962378,119945
308,268,Laptop,20929,3,Pune,2026-02-01 10:02:45.962379,62787
309,351,Headphones,22635,4,Mumbai,2026-01-18 10:02:45.962380,90540
310,345,Laptop,14272,3,Delhi,2026-01-29 10:02:45.962381,42816
311,191,Laptop,31328,5,Pune,2025-12-13 10:02:45.962383,156640
312,322,Headphones,11702,1,Mumbai,2026-01-15 10:02:45.962384,11702
313,140,Laptop,45422,1,Pune,2026-02-01 10:02:45.962385,45422
314,257,Mouse,22727,1,Mumbai,2025-12-13 10:02:45.962386,22727
315,322,Laptop,47637,1,Jaipur,2025-12-19 10:02:45.962387,47637
316,186,Laptop,24609,5,Pune,2026-03-04 10:02:45.962388,123045
317,110,Phone,33307,3,Bangalore,2025-11-30 10:02:45.962389,99921
318,490,Laptop,12900,1,Bangalore,2026-02-05 10:02:45.962390,12900
319,300,Keyboard,47322,4,Delhi,2026-02-19 10:02:45.962392,189288
320,228,Keyboard,37690,1,Bangalore,2025-12-10 10:02:45.962393,37690
321,444,Headphones,43661,1,Delhi,2026-01-18 10:02:45.962394,43661
322,228,Laptop,35075,2,Pune,2025-11-26 10:02:45.962395,70150
323,495,Phone,47084,2,Pune,2026-01-25 10:02:45.962396,94168
324,312,Laptop,15884,1,Mumbai,2025-12-31 10:02:45.962397,15884
325,188,Laptop,49208,1,Mumbai,2026-02-13 10:02:45.962398,49208
326,291,Phone,31533,3,Mumbai,2026-01-25 10:02:45.962399,94599
327,388,Laptop,31667,2,Pune,2026-01-18 10:02:45.962400,63334
328,268,Keyboard,38123,1,Jaipur,2025-12-23 10:02:45.962401,38123
329,140,Headphones,21530,1,Jaipur,2026-01-27 10:02:45.962403,21530
330,355,Mouse,29439,5,Delhi,2026-01-11 10:02:45.962404,147195
331,375,Headphones,34411,2,Delhi,2025-12-29 10:02:45.962405,68822
332,444,Laptop,39692,2,Delhi,2026-01-05 10:02:45.962406,79384
333,178,Mouse,6837,5,Jaipur,2026-01-11 10:02:45.962407,34185
334,494,Laptop,19484,5,Mumbai,2025-12-22 10:02:45.962408,97420
335,428,Laptop,41211,5,Mumbai,2026-01-14 10:02:45.962410,206055
336,393,Keyboard,9520,1,Delhi,2025-12-06 10:02:45.962411,9520
337,308,Mouse,45538,3,Delhi,2026-01-17 10:02:45.962412,136614
338,147,Headphones,41130,3,Jaipur,2025-12-25 10:02:45.962413,123390
339,343,Phone,20819,2,Pune,2025-12-08 10:02:45.962414,41638
340,236,Headphones,26475,2,Mumbai,2026-03-03 10:02:45.962415,52950
341,203,Laptop,33700,3,Bangalore,2026-02-01 10:02:45.962416,101100
342,456,Mouse,21602,4,Delhi,2025-12-20 10:02:45.962417,86408
343,389,Mouse,32086,4,Bangalore,2026-02-08 10:02:45.962419,128344
344,470,Laptop,48408,1,Mumbai,2026-01-31 10:02:45.962420,48408
345,370,Keyboard,3173,5,Pune,2026-03-05 10:02:45.962421,15865
346,362,Keyboard,24123,5,Mumbai,2025-12-25 10:02:45.962422,120615
347,213,Headphones,41563,1,Bangalore,2026-02-15 10:02:45.962423,41563
348,304,Laptop,18677,1,Delhi,2026-02-25 10:02:45.962424,18677
349,120,Keyboard,25823,4,Delhi,2026-02-10 10:02:45.962425,103292
350,250,Headphones,34473,5,Jaipur,2025-12-19 10:02:45.962426,172365
351,146,Phone,31489,2,Pune,2026-02-22 10:02:45.962427,62978
352,227,Laptop,35096,5,Bangalore,2026-01-16 10:02:45.962428,175480
353,127,Headphones,35418,5,Bangalore,2026-02-01 10:02:45.962431,177090
354,451,Keyboard,48917,2,Jaipur,2026-02-16 10:02:45.962432,97834
355,221,Headphones,29160,5,Mumbai,2026-01-07 10:02:45.962433,145800
356,263,Keyboard,39305,4,Bangalore,2025-12-03 10:02:45.962434,157220
357,345,Keyboard,6708,4,Delhi,2025-12-08 10:02:45.962435,26832
358,297,Mouse,46967,3,Pune,2026-02-08 10:02:45.962437,140901
359,390,Laptop,4947,2,Bangalore,2026-02-13 10:02:45.962438,9894
360,422,Phone,23785,3,Delhi,2025-11-30 10:02:45.962439,71355
361,474,Keyboard,37393,2,Mumbai,2026-02-13 10:02:45.962440,74786
362,430,Phone,20826,3,Bangalore,2025-12-05 10:02:45.962441,62478
363,186,Laptop,46698,3,Pune,2025-12-25 10:02:45.962442,140094
364,290,Laptop,913,5,Mumbai,2026-01-15 10:02:45.962443,4565
365,244,Laptop,22965,3,Bangalore,2025-12-05 10:02:45.962444,68895
366,167,Phone,24744,4,Bangalore,2026-03-03 10:02:45.962446,98976
367,430,Keyboard,25843,4,Jaipur,2025-12-24 10:02:45.962447,103372
368,477,Laptop,26333,2,Bangalore,2026-02-24 10:02:45.962448,52666
369,488,Keyboard,5398,3,Jaipur,2026-02-13 10:02:45.962449,16194
370,321,Mouse,5183,2,Pune,2025-12-31 10:02:45.962450,10366
371,486,Phone,3117,1,Jaipur,2025-12-17 10:02:45.962451,3117
372,366,Mouse,44714,2,Pune,2025-12-19 10:02:45.962452,89428
373,361,Keyboard,46621,2,Pune,2026-01-13 10:02:45.962453,93242
374,270,Mouse,20174,4,Mumbai,2026-01-27 10:02:45.962455,80696
375,202,Keyboard,36233,3,Pune,2026-01-17 10:02:45.962457,108699
376,345,Phone,18890,5,Delhi,2025-11-28 10:02:45.962458,94450
377,402,Headphones,29602,4,Bangalore,2026-03-05 10:02:45.962459,118408
378,179,Laptop,25664,5,Bangalore,2026-01-10 10:02:45.962460,128320
379,358,Phone,18534,4,Jaipur,2025-12-03 10:02:45.962461,74136
380,121,Keyboard,32299,1,Bangalore,2026-02-25 10:02:45.962462,32299
381,438,Laptop,21731,5,Delhi,2025-12-24 10:02:45.962463,108655
382,377,Laptop,13820,1,Delhi,2026-01-08 10:02:45.962464,13820
383,462,Keyboard,42782,1,Bangalore,2026-01-29 10:02:45.962465,42782
384,284,Laptop,18932,3,Jaipur,2026-02-07 10:02:45.962466,56796
385,152,Headphones,45016,4,Pune,2026-01-31 10:02:45.962467,180064
386,195,Keyboard,42437,2,Jaipur,2025-12-23 10:02:45.962468,84874
387,224,Phone,21286,2,Jaipur,2025-12-28 10:02:45.962469,42572
388,212,Phone,11121,4,Mumbai,2025-12-15 10:02:45.962470,44484
389,466,Phone,28578,4,Mumbai,2025-12-16 10:02:45.962471,114312
390,123,Mouse,27925,3,Jaipur,2026-02-07 10:02:45.962473,83775
391,341,Headphones,2468,2,Jaipur,2026-01-24 10:02:45.962474,4936
392,402,Headphones,35300,2,Pune,2026-01-27 10:02:45.962475,70600
393,255,Keyboard,19526,5,Bangalore,2026-03-03 10:02:45.962476,97630
394,108,Headphones,31311,4,Pune,2026-02-10 10:02:45.962477,125244
395,202,Keyboard,18316,3,Jaipur,2025-12-21 10:02:45.962478,54948
396,263,Mouse,34166,1,Mumbai,2025-12-18 10:02:45.962479,34166
397,220,Phone,17733,1,Jaipur,2025-12-01 10:02:45.962480,17733
398,237,Phone,36715,2,Bangalore,2025-12-25 10:02:45.962481,73430
399,206,Laptop,31727,3,Bangalore,2026-02-18 10:02:45.962482,95181
400,335,Phone,4045,1,Pune,2026-02-26 10:02:45.962484,4045
401,487,Keyboard,7722,3,Jaipur,2026-01-08 10:02:45.962485,23166
402,400,Phone,10374,3,Pune,2026-03-01 10:02:45.962486,31122
403,232,Headphones,27293,2,Mumbai,2026-01-16 10:02:45.962487,54586
404,270,Phone,45548,4,Pune,2025-12-01 10:02:45.962489,182192
405,383,Keyboard,29419,4,Pune,2026-01-21 10:02:45.962490,117676
406,423,Laptop,33005,4,Jaipur,2026-01-19 10:02:45.962491,132020
407,412,Phone,2754,5,Delhi,2026-02-22 10:02:45.962492,13770
408,364,Mouse,9123,3,Jaipur,2026-01-16 10:02:45.962493,27369
409,489,Mouse,20371,5,Pune,2026-01-29 10:02:45.962494,101855
410,328,Laptop,49955,3,Bangalore,2026-02-26 10:02:45.962495,149865
411,392,Headphones,14150,1,Mumbai,2026-01-06 10:02:45.962496,14150
412,456,Mouse,23950,5,Jaipur,2025-11-27 10:02:45.962497,119750
413,162,Mouse,45851,4,Jaipur,2025-12-31 10:02:45.962498,183404
414,219,Mouse,47702,4,Delhi,2026-01-01 10:02:45.962500,190808
415,463,Mouse,22165,1,Bangalore,2026-02-16 10:02:45.962501,22165
416,334,Laptop,47628,5,Jaipur,2026-01-03 10:02:45.962502,238140
417,398,Mouse,30679,2,Jaipur,2026-03-02 10:02:45.962503,61358
418,410,Laptop,30871,3,Jaipur,2025-12-15 10:02:45.962504,92613
419,350,Keyboard,21805,3,Pune,2026-02-20 10:02:45.962505,65415
420,452,Phone,30142,4,Mumbai,2026-02-19 10:02:45.962506,120568
421,154,Mouse,18591,5,Pune,2025-12-06 10:02:45.962507,92955
422,428,Laptop,32114,1,Mumbai,2026-02-18 10:02:45.962508,32114
423,288,Headphones,42241,2,Mumbai,2026-01-30 10:02:45.962510,84482
424,158,Headphones,49266,5,Bangalore,2025-12-03 10:02:45.962511,246330
425,454,Keyboard,833,3,Delhi,2026-02-23 10:02:45.962512,2499
426,330,Phone,32750,4,Jaipur,2026-01-05 10:02:45.962513,131000
427,212,Laptop,3895,5,Mumbai,2026-02-02 10:02:45.962514,19475
428,132,Headphones,25112,5,Delhi,2025-12-18 10:02:45.962515,125560
429,308,Laptop,39080,1,Pune,2026-01-25 10:02:45.962516,39080
430,374,Headphones,16579,1,Jaipur,2025-12-17 10:02:45.962517,16579
431,468,Laptop,43654,4,Mumbai,2025-12-13 10:02:45.962518,174616
432,428,Laptop,30215,1,Pune,2026-01-14 10:02:45.962519,30215
433,347,Headphones,36116,1,Pune,2026-01-11 10:02:45.962520,36116
434,373,Keyboard,6981,3,Jaipur,2026-02-26 10:02:45.962522,20943
435,152,Keyboard,27622,4,Jaipur,2025-12-02 10:02:45.962523,110488
436,154,Phone,42439,3,Jaipur,2026-03-03 10:02:45.962524,127317
437,181,Headphones,45312,1,Mumbai,2026-02-21 10:02:45.962525,45312
438,268,Phone,572,1,Delhi,2026-01-30 10:02:45.962526,572
439,175,Keyboard,41290,5,Jaipur,2025-12-09 10:02:45.962527,206450
440,458,Headphones,13039,2,Jaipur,2025-12-18 10:02:45.962528,26078
441,254,Mouse,26205,3,Pune,2025-12-18 10:02:45.962529,78615
442,395,Keyboard,15071,3,Pune,2026-02-09 10:02:45.962530,45213
443,368,Mouse,26518,3,Mumbai,2025-11-30 10:02:45.962531,79554
444,133,Headphones,4359,1,Delhi,2025-12-22 10:02:45.962532,4359
445,423,Headphones,29175,4,Pune,2026-01-21 10:02:45.962534,116700
446,197,Mouse,18864,2,Pune,2026-02-09 10:02:45.962535,37728
447,235,Mouse,15581,5,Delhi,2026-01-15 10:02:45.962536,77905
448,138,Phone,34569,5,Jaipur,2025-12-04 10:02:45.962537,172845
449,231,Headphones,30240,3,Pune,2025-12-18 10:02:45.962538,90720
450,123,Headphones,25926,5,Delhi,2026-01-16 10:02:45.962539,129630
451,467,Keyboard,41373,3,Pune,2026-01-29 10:02:45.962540,124119
452,290,Headphones,6617,5,Bangalore,2026-02-17 10:02:45.962545,33085
453,451,Laptop,43927,3,Bangalore,2026-02-15 10:02:45.962546,131781
454,424,Laptop,5325,2,Pune,2025-12-06 10:02:45.962547,10650
455,457,Laptop,33927,1,Bangalore,2026-02-15 10:02:45.962548,33927
456,292,Laptop,2142,4,Bangalore,2026-02-07 10:02:45.962549,8568
457,167,Laptop,19499,2,Mumbai,2026-02-24 10:02:45.962551,38998
458,169,Laptop,23256,3,Pune,2026-01-25 10:02:45.962552,69768
459,104,Laptop,41265,4,Delhi,2025-11-28 10:02:45.962553,165060
460,262,Headphones,2590,1,Delhi,2026-02-17 10:02:45.962554,2590
461,340,Headphones,33891,2,Delhi,2026-01-14 10:02:45.962555,67782
462,447,Keyboard,44258,4,Bangalore,2025-12-27 10:02:45.962556,177032
463,143,Laptop,48602,3,Jaipur,2026-02-19 10:02:45.962557,145806
464,484,Keyboard,34599,4,Jaipur,2026-01-30 10:02:45.962559,138396
465,167,Keyboard,15261,2,Pune,2026-02-06 10:02:45.962560,30522
466,181,Keyboard,4024,4,Bangalore,2026-02-27 10:02:45.962561,16096
467,199,Phone,42896,1,Delhi,2025-12-05 10:02:45.962562,42896
468,210,Keyboard,46972,2,Pune,2026-02-10 10:02:45.962563,93944
469,374,Keyboard,40834,3,Bangalore,2025-12-29 10:02:45.962564,122502
470,476,Laptop,33452,3,Pune,2026-01-11 10:02:45.962565,100356
471,173,Keyboard,7496,3,Bangalore,2025-12-14 10:02:45.962566,22488
472,151,Phone,2854,3,Delhi,2026-01-25 10:02:45.962567,8562
473,201,Headphones,43080,3,Mumbai,2026-01-21 10:02:45.962568,129240
474,315,Mouse,48299,4,Pune,2026-02-15 10:02:45.962569,193196
475,463,Keyboard,41133,5,Bangalore,2025-12-15 10:02:45.962571,205665
476,183,Laptop,13197,5,Mumbai,2026-01-01 10:02:45.962572,65985
477,221,Phone,31558,1,Bangalore,2025-12-02 10:02:45.962573,31558
478,211,Mouse,44790,5,Bangalore,2026-02-23 10:02:45.962574,223950
479,211,Phone,4420,3,Jaipur,2025-11-29 10:02:45.962575,13260
480,266,Laptop,25497,5,Mumbai,2026-02-21 10:02:45.962576,127485
481,120,Phone,15416,2,Delhi,2026-01-02 10:02:45.962577,30832
482,414,Headphones,30263,3,Pune,2026-01-19 10:02:45.962578,90789
483,398,Headphones,28548,3,Delhi,2025-12-13 10:02:45.962579,85644
484,339,Mouse,47048,1,Bangalore,2025-12-31 10:02:45.962581,47048
485,269,Headphones,32524,1,Jaipur,2026-02-02 10:02:45.962582,32524
486,433,Keyboard,29051,3,Pune,2025-12-22 10:02:45.962583,87153
487,471,Headphones,40449,4,Jaipur,2026-02-12 10:02:45.962584,161796
488,204,Phone,4156,1,Bangalore,2026-01-05 10:02:45.962585,4156
489,168,Keyboard,761,3,Bangalore,2025-12-03 10:02:45.962587,2283
490,283,Mouse,28045,5,Mumbai,2026-01-11 10:02:45.962588,140225
491,169,Mouse,31073,2,Jaipur,2025-12-14 10:02:45.962589,62146
492,326,Keyboard,10634,3,Pune,2026-02-13 10:02:45.962591,31902
493,398,Keyboard,49562,1,Jaipur,2025-11-30 10:02:45.962592,49562
494,144,Phone,21125,5,Pune,2025-12-15 10:02:45.962593,105625
495,424,Phone,28291,2,Delhi,2026-02-06 10:02:45.962594,56582
496,138,Headphones,45094,1,Pune,2025-11-29 10:02:45.962595,45094
497,400,Headphones,9688,4,Pune,2026-02-24 10:02:45.962596,38752
498,242,Laptop,20701,5,Bangalore,2026-02-01 10:02:45.962597,103505
499,354,Laptop,42959,2,Jaipur,2025-12-23 10:02:45.962598,85918
500,316,Headphones,2485,2,Pune,2026-02-23 10:02:45.962599,4970
501,106,Mouse,8436,1,Jaipur,2026-02-09 10:02:45.962601,8436
502,231,Laptop,34557,3,Mumbai,2026-02-25 10:02:45.962602,103671
503,447,Phone,18683,3,Pune,2026-02-24 10:02:45.962603,56049
504,239,Phone,12372,2,Bangalore,2025-12-20 10:02:45.962604,24744
505,118,Mouse,40076,4,Pune,2026-02-06 10:02:45.962605,160304
506,359,Keyboard,49307,3,Delhi,2026-01-20 10:02:45.962606,147921
507,109,Phone,21313,5,Mumbai,2026-01-16 10:02:45.962607,106565
508,218,Phone,44513,5,Bangalore,2025-12-11 10:02:45.962608,222565
509,450,Keyboard,6557,1,Delhi,2026-01-21 10:02:45.962610,6557
510,469,Headphones,3631,5,Jaipur,2026-02-15 10:02:45.962611,18155
511,222,Phone,1919,1,Mumbai,2026-01-24 10:02:45.962612,1919
512,113,Laptop,31364,3,Bangalore,2026-01-15 10:02:45.962613,94092
513,362,Headphones,11929,3,Bangalore,2025-12-27 10:02:45.962614,35787
514,214,Headphones,47294,2,Bangalore,2026-01-03 10:02:45.962615,94588
515,326,Mouse,45468,1,Mumbai,2025-11-28 10:02:45.962616,45468
516,461,Laptop,22580,3,Jaipur,2026-01-12 10:02:45.962617,67740
517,183,Keyboard,15220,2,Jaipur,2026-01-25 10:02:45.962618,30440
518,439,Laptop,48444,4,Jaipur,2025-12-05 10:02:45.962619,193776
519,261,Keyboard,28825,3,Bangalore,2025-12-21 10:02:45.962621,86475
520,359,Laptop,15983,4,Pune,2025-12-06 10:02:45.962622,63932
521,112,Mouse,11088,1,Pune,2025-12-08 10:02:45.962623,11088
522,454,Headphones,2202,2,Bangalore,2025-12-09 10:02:45.962624,4404
523,477,Keyboard,23502,1,Delhi,2025-12-29 10:02:45.962625,23502
524,259,Headphones,36436,4,Delhi,2025-12-06 10:02:45.962626,145744
525,397,Headphones,12239,2,Jaipur,2025-12-05 10:02:45.962627,24478
526,225,Keyboard,23369,1,Mumbai,2026-02-16 10:02:45.962628,23369
527,239,Phone,15522,5,Bangalore,2026-02-17 10:02:45.962629,77610
528,258,Keyboard,19152,3,Mumbai,2025-12-31 10:02:45.962630,57456
529,283,Headphones,30958,2,Pune,2026-02-23 10:02:45.962631,61916
530,392,Keyboard,25257,2,Bangalore,2026-01-29 10:02:45.962635,50514
531,500,Keyboard,40857,3,Pune,2026-01-17 10:02:45.962636,122571
532,106,Headphones,17643,2,Delhi,2025-12-18 10:02:45.962637,35286
533,150,Phone,24411,4,Mumbai,2026-02-07 10:02:45.962638,97644
534,375,Mouse,31308,4,Delhi,2026-01-05 10:02:45.962639,125232
535,311,Mouse,22937,5,Bangalore,2026-01-08 10:02:45.962641,114685
536,204,Laptop,2806,2,Pune,2025-12-28 10:02:45.962641,5612
537,381,Headphones,30762,3,Bangalore,2025-12-11 10:02:45.962643,92286
538,202,Keyboard,46171,5,Jaipur,2026-02-15 10:02:45.962644,230855
539,436,Phone,9185,1,Pune,2025-12-21 10:02:45.962645,9185
540,362,Laptop,10542,5,Delhi,2025-12-09 10:02:45.962646,52710
541,289,Mouse,35738,2,Jaipur,2026-01-03 10:02:45.962647,71476
542,223,Headphones,48844,3,Delhi,2026-02-22 10:02:45.962648,146532
543,216,Phone,9421,5,Pune,2026-02-06 10:02:45.962649,47105
544,262,Mouse,35599,4,Pune,2026-02-19 10:02:45.962650,142396
545,437,Keyboard,26840,1,Delhi,2026-02-26 10:02:45.962651,26840
546,470,Phone,13171,5,Mumbai,2026-01-02 10:02:45.962653,65855
547,307,Mouse,32974,4,Jaipur,2025-12-11 10:02:45.962654,131896
548,307,Keyboard,21378,4,Mumbai,2026-02-26 10:02:45.962655,85512
549,476,Headphones,23962,2,Bangalore,2026-02-01 10:02:45.962656,47924
550,389,Phone,16305,3,Jaipur,2026-01-25 10:02:45.962657,48915
551,465,Keyboard,36009,2,Jaipur,2025-12-27 10:02:45.962658,72018
552,116,Keyboard,12665,4,Jaipur,2026-03-04 10:02:45.962659,50660
553,296,Phone,40816,3,Delhi,2025-12-01 10:02:45.962660,122448
554,456,Headphones,8457,2,Pune,2025-12-28 10:02:45.962661,16914
555,429,Headphones,45782,3,Delhi,2026-01-12 10:02:45.962662,137346
556,437,Headphones,46632,5,Bangalore,2026-01-08 10:02:45.962663,233160
557,374,Headphones,30507,3,Pune,2026-01-22 10:02:45.962664,91521
558,271,Phone,42756,2,Jaipur,2026-01-09 10:02:45.962665,85512
559,231,Laptop,47047,4,Jaipur,2026-02-22 10:02:45.962666,188188
560,384,Keyboard,49823,4,Bangalore,2026-01-04 10:02:45.962667,199292
561,208,Headphones,49476,2,Pune,2026-01-25 10:02:45.962668,98952
562,285,Laptop,45417,1,Jaipur,2025-12-21 10:02:45.962670,45417
563,135,Mouse,8858,3,Jaipur,2026-02-14 10:02:45.962671,26574
564,459,Laptop,7837,3,Jaipur,2026-01-06 10:02:45.962672,23511
565,349,Keyboard,19382,1,Mumbai,2026-02-22 10:02:45.962673,19382
566,312,Laptop,14536,3,Jaipur,2025-12-14 10:02:45.962674,43608
567,163,Laptop,14324,3,Jaipur,2026-02-21 10:02:45.962675,42972
568,162,Keyboard,20821,4,Mumbai,2026-03-04 10:02:45.962676,83284
569,307,Laptop,7850,5,Delhi,2026-02-01 10:02:45.962678,39250
570,287,Keyboard,35122,5,Pune,2025-11-28 10:02:45.962679,175610
571,207,Phone,565,3,Pune,2026-01-22 10:02:45.962680,1695
572,324,Phone,48865,1,Bangalore,2025-12-28 10:02:45.962681,48865
573,108,Laptop,48299,2,Pune,2026-01-13 10:02:45.962682,96598
574,112,Phone,48744,5,Jaipur,2026-02-03 10:02:45.962683,243720
575,110,Headphones,18612,4,Pune,2026-03-01 10:02:45.962684,74448
576,234,Keyboard,17156,5,Mumbai,2025-12-25 10:02:45.962685,85780
577,368,Headphones,24081,1,Pune,2025-12-10 10:02:45.962686,24081
578,456,Keyboard,47359,4,Mumbai,2025-12-21 10:02:45.962688,189436
579,128,Phone,2235,1,Mumbai,2025-12-27 10:02:45.962689,2235
580,261,Keyboard,34975,5,Mumbai,2026-01-08 10:02:45.962690,174875
581,205,Laptop,47800,4,Pune,2026-01-01 10:02:45.962691,191200
582,312,Keyboard,45179,4,Delhi,2025-12-02 10:02:45.962692,180716
583,347,Laptop,24524,4,Jaipur,2026-02-26 10:02:45.962693,98096
584,453,Laptop,1656,2,Delhi,2026-01-05 10:02:45.962694,3312
585,475,Laptop,6204,1,Mumbai,2025-12-19 10:02:45.962695,6204
586,498,Keyboard,16530,1,Delhi,2025-12-29 10:02:45.962697,16530
587,250,Phone,34499,4,Jaipur,2025-11-30 10:02:45.962698,137996
588,149,Keyboard,36886,1,Jaipur,2025-12-21 10:02:45.962699,36886
589,368,Phone,49705,5,Delhi,2025-12-25 10:02:45.962700,248525
590,457,Phone,41010,5,Mumbai,2026-01-01 10:02:45.962701,205050
591,373,Mouse,18194,5,Mumbai,2026-02-04 10:02:45.962702,90970
592,369,Phone,7224,1,Pune,2025-12-28 10:02:45.962703,7224
593,121,Keyboard,34838,4,Delhi,2025-12-23 10:02:45.962706,139352
594,244,Keyboard,22857,5,Pune,2026-02-15 10:02:45.962707,114285
595,108,Phone,7733,4,Delhi,2026-03-04 10:02:45.962708,30932
596,436,Keyboard,42540,4,Mumbai,2026-01-27 10:02:45.962709,170160
597,472,Phone,7684,5,Bangalore,2026-02-11 10:02:45.962710,38420
598,425,Phone,33123,4,Delhi,2026-02-10 10:02:45.962712,132492
599,327,Laptop,16467,2,Jaipur,2026-01-10 10:02:45.962713,32934
600,410,Laptop,30980,2,Delhi,2026-01-25 10:02:45.962714,61960
601,360,Phone,15040,4,Jaipur,2025-12-08 10:02:45.962715,60160
602,330,Keyboard,42804,4,Pune,2025-12-21 10:02:45.962716,171216
603,163,Mouse,42798,5,Bangalore,2025-12-16 10:02:45.962717,213990
604,346,Headphones,36386,5,Bangalore,2026-03-02 10:02:45.962718,181930
605,314,Laptop,11038,5,Delhi,2026-02-26 10:02:45.962720,55190
606,367,Keyboard,49484,4,Pune,2026-01-12 10:02:45.962721,197936
607,352,Phone,39340,5,Jaipur,2025-12-31 10:02:45.962722,196700
608,310,Mouse,29459,3,Delhi,2025-12-23 10:02:45.962724,88377
609,301,Phone,24123,3,Jaipur,2025-12-26 10:02:45.962725,72369
610,331,Headphones,43829,1,Bangalore,2025-12-22 10:02:45.962726,43829
611,459,Laptop,23394,4,Pune,2026-03-04 10:02:45.962727,93576
612,103,Phone,37860,5,Delhi,2026-02-08 10:02:45.962728,189300
613,223,Mouse,47480,5,Mumbai,2025-12-28 10:02:45.962729,237400
614,347,Laptop,21800,4,Bangalore,2026-01-07 10:02:45.962731,87200
615,278,Headphones,41734,4,Pune,2026-01-26 10:02:45.962732,166936
616,336,Headphones,31422,3,Pune,2026-01-03 10:02:45.962733,94266
617,304,Headphones,49479,1,Bangalore,2025-12-24 10:02:45.962734,49479
618,206,Laptop,27446,2,Pune,2026-01-26 10:02:45.962735,54892
619,229,Laptop,44180,4,Bangalore,2025-12-09 10:02:45.962736,176720
620,294,Phone,49799,5,Mumbai,2025-12-04 10:02:45.962737,248995
621,459,Headphones,29952,2,Mumbai,2026-01-31 10:02:45.962738,59904
622,276,Keyboard,49565,2,Bangalore,2025-12-21 10:02:45.962740,99130
623,434,Keyboard,2093,4,Delhi,2025-11-29 10:02:45.962741,8372
624,305,Headphones,22554,5,Jaipur,2025-12-22 10:02:45.962742,112770
625,320,Phone,22356,1,Mumbai,2026-03-04 10:02:45.962743,22356
626,300,Laptop,25360,5,Mumbai,2026-01-12 10:02:45.962744,126800
627,442,Phone,21975,1,Delhi,2025-12-14 10:02:45.962745,21975
628,292,Headphones,21243,1,Mumbai,2026-01-09 10:02:45.962746,21243
629,464,Mouse,45977,4,Pune,2025-12-05 10:02:45.962748,183908
630,448,Phone,20696,4,Delhi,2025-12-24 10:02:45.962749,82784
631,428,Keyboard,1990,4,Delhi,2026-02-02 10:02:45.962750,7960
632,370,Keyboard,3462,5,Delhi,2026-02-04 10:02:45.962751,17310
633,279,Mouse,43108,3,Pune,2025-11-29 10:02:45.962752,129324
634,494,Laptop,20427,4,Bangalore,2026-01-14 10:02:45.962753,81708
635,391,Headphones,6782,2,Jaipur,2026-01-09 10:02:45.962754,13564
636,426,Laptop,34518,2,Delhi,2025-12-26 10:02:45.962755,69036
637,128,Mouse,40973,3,Jaipur,2026-02-08 10:02:45.962756,122919
638,491,Mouse,22376,4,Pune,2025-12-05 10:02:45.962758,89504
639,379,Phone,874,1,Jaipur,2025-12-26 10:02:45.962759,874
640,368,Keyboard,21570,3,Bangalore,2025-12-10 10:02:45.962760,64710
641,494,Mouse,34085,3,Delhi,2026-01-12 10:02:45.962761,102255
642,454,Mouse,25557,1,Delhi,2025-12-07 10:02:45.962762,25557
643,395,Headphones,29449,2,Pune,2026-01-20 10:02:45.962763,58898
644,303,Headphones,43985,3,Mumbai,2026-01-19 10:02:45.962764,131955
645,471,Keyboard,15453,4,Bangalore,2026-02-25 10:02:45.962765,61812
646,224,Mouse,41840,3,Jaipur,2025-12-30 10:02:45.962767,125520
647,288,Headphones,34985,3,Delhi,2026-02-01 10:02:45.962768,104955
648,500,Headphones,13090,1,Mumbai,2025-12-12 10:02:45.962769,13090
649,123,Headphones,19250,1,Delhi,2026-01-02 10:02:45.962770,19250
650,277,Keyboard,14236,5,Mumbai,2025-11-26 10:02:45.962771,71180
651,172,Laptop,19975,1,Mumbai,2025-12-11 10:02:45.962772,19975
652,283,Mouse,32621,3,Pune,2026-02-16 10:02:45.962773,97863
653,321,Keyboard,44393,3,Bangalore,2026-01-17 10:02:45.962774,133179
654,479,Keyboard,4136,4,Mumbai,2025-12-18 10:02:45.962775,16544
655,434,Keyboard,28090,3,Jaipur,2025-12-24 10:02:45.962776,84270
656,313,Mouse,27061,3,Pune,2026-01-27 10:02:45.962778,81183
657,170,Headphones,32362,4,Mumbai,2025-12-27 10:02:45.962779,129448
658,474,Keyboard,26815,4,Jaipur,2025-12-06 10:02:45.962780,107260
659,485,Phone,41767,1,Bangalore,2026-01-31 10:02:45.962781,41767
660,104,Laptop,32831,1,Mumbai,2025-12-17 10:02:45.962782,32831
661,262,Mouse,46929,5,Mumbai,2026-01-24 10:02:45.962783,234645
662,165,Laptop,3831,4,Pune,2025-12-27 10:02:45.962784,15324
663,328,Phone,31978,4,Jaipur,2025-12-27 10:02:45.962785,127912
664,234,Headphones,49947,1,Jaipur,2025-12-25 10:02:45.962786,49947
665,412,Laptop,10606,5,Bangalore,2026-01-12 10:02:45.962787,53030
666,363,Mouse,8509,1,Bangalore,2026-02-17 10:02:45.962788,8509
667,317,Phone,45007,3,Jaipur,2026-02-18 10:02:45.962789,135021
668,211,Mouse,25319,5,Jaipur,2026-02-18 10:02:45.962791,126595
669,145,Laptop,41505,3,Mumbai,2026-01-04 10:02:45.962792,124515
670,315,Headphones,33916,2,Bangalore,2026-01-15 10:02:45.962793,67832
671,233,Mouse,21179,3,Mumbai,2026-01-23 10:02:45.962794,63537
672,333,Laptop,14225,4,Delhi,2026-02-19 10:02:45.962795,56900
673,423,Mouse,10111,4,Delhi,2026-01-08 10:02:45.962796,40444
674,492,Headphones,40244,4,Pune,2026-02-04 10:02:45.962797,160976
675,393,Headphones,48846,5,Jaipur,2026-03-01 10:02:45.962799,244230
676,176,Phone,28552,3,Delhi,2026-01-14 10:02:45.962800,85656
677,333,Keyboard,26050,4,Jaipur,2026-02-13 10:02:45.962801,104200
678,473,Keyboard,44060,2,Bangalore,2025-12-30 10:02:45.962802,88120
679,266,Keyboard,9590,4,Mumbai,2026-02-14 10:02:45.962803,38360
680,168,Headphones,2364,5,Pune,2026-01-26 10:02:45.962804,11820
681,263,Headphones,48366,5,Delhi,2025-12-12 10:02:45.962805,241830
682,425,Headphones,43268,2,Jaipur,2025-11-26 10:02:45.962807,86536
683,125,Mouse,15135,2,Pune,2026-01-08 10:02:45.962808,30270
684,209,Keyboard,39539,3,Jaipur,2026-02-18 10:02:45.962809,118617
685,199,Mouse,39774,3,Bangalore,2025-12-01 10:02:45.962810,119322
686,470,Laptop,33200,5,Delhi,2025-12-11 10:02:45.962812,166000
687,231,Keyboard,32433,1,Mumbai,2025-12-13 10:02:45.962813,32433
688,352,Mouse,38565,5,Jaipur,2025-12-29 10:02:45.962815,192825
689,102,Laptop,44825,4,Jaipur,2025-12-26 10:02:45.962816,179300
690,128,Laptop,29973,2,Mumbai,2025-12-23 10:02:45.962817,59946
691,228,Keyboard,46848,5,Jaipur,2025-12-29 10:02:45.962818,234240
692,160,Mouse,44806,4,Bangalore,2025-12-18 10:02:45.962819,179224
693,500,Headphones,45705,4,Mumbai,2026-02-09 10:02:45.962820,182820
694,230,Mouse,38562,5,Delhi,2026-02-13 10:02:45.962821,192810
695,381,Keyboard,9787,3,Mumbai,2025-11-28 10:02:45.962822,29361
696,451,Mouse,35806,4,Delhi,2025-11-27 10:02:45.962823,143224
697,287,Laptop,46882,5,Jaipur,2026-01-29 10:02:45.962824,234410
698,169,Phone,5120,2,Mumbai,2025-12-02 10:02:45.962825,10240
699,156,Laptop,19853,1,Pune,2026-01-27 10:02:45.962826,19853
700,411,Phone,27058,5,Mumbai,2026-02-28 10:02:45.962827,135290
701,195,Headphones,33058,1,Delhi,2025-12-27 10:02:45.962828,33058
702,251,Mouse,20152,2,Mumbai,2026-01-01 10:02:45.962829,40304
703,344,Keyboard,17043,4,Mumbai,2026-02-28 10:02:45.962830,68172
704,456,Mouse,49423,2,Pune,2026-03-01 10:02:45.962831,98846
705,247,Headphones,40740,4,Delhi,2026-02-16 10:02:45.962832,162960
706,442,Laptop,47418,3,Mumbai,2026-01-09 10:02:45.962834,142254
707,429,Keyboard,38971,2,Mumbai,2026-01-17 10:02:45.962835,77942
708,451,Phone,34944,2,Bangalore,2026-02-18 10:02:45.962836,69888
709,300,Phone,1261,4,Delhi,2026-01-10 10:02:45.962837,5044
710,377,Phone,39397,2,Bangalore,2025-12-24 10:02:45.962838,78794
711,360,Mouse,45866,3,Pune,2026-01-31 10:02:45.962839,137598
712,487,Mouse,9165,4,Bangalore,2026-01-19 10:02:45.962840,36660
713,493,Laptop,37608,2,Jaipur,2025-11-30 10:02:45.962842,75216
714,156,Headphones,32792,1,Bangalore,2025-12-06 10:02:45.962843,32792
715,137,Laptop,3539,4,Mumbai,2026-01-19 10:02:45.962844,14156
716,157,Laptop,34124,4,Jaipur,2025-11-27 10:02:45.962845,136496
717,233,Laptop,39889,3,Mumbai,2026-01-18 10:02:45.962846,119667
718,270,Phone,45647,2,Delhi,2025-12-26 10:02:45.962847,91294
719,289,Headphones,2781,3,Jaipur,2026-01-06 10:02:45.962848,8343
720,407,Keyboard,40196,2,Jaipur,2026-01-07 10:02:45.962849,80392
721,295,Laptop,17314,2,Jaipur,2026-02-20 10:02:45.962850,34628
722,220,Phone,9877,5,Mumbai,2026-01-22 10:02:45.962851,49385
723,327,Laptop,19625,5,Bangalore,2025-12-15 10:02:45.962853,98125
724,142,Laptop,30792,3,Bangalore,2026-02-28 10:02:45.962854,92376
725,252,Keyboard,14426,5,Delhi,2026-02-03 10:02:45.962855,72130
726,446,Mouse,23865,2,Pune,2026-02-17 10:02:45.962856,47730
727,228,Keyboard,1495,4,Jaipur,2026-01-21 10:02:45.962857,5980
728,251,Keyboard,39339,4,Jaipur,2026-01-18 10:02:45.962858,157356
729,498,Laptop,28789,4,Pune,2026-02-05 10:02:45.962859,115156
730,195,Laptop,21520,3,Delhi,2026-01-29 10:02:45.962861,64560
731,129,Headphones,43146,2,Mumbai,2025-11-26 10:02:45.962862,86292
732,439,Laptop,33871,2,Delhi,2026-01-16 10:02:45.962863,67742
733,357,Laptop,13653,3,Mumbai,2026-02-07 10:02:45.962864,40959
734,121,Keyboard,46693,3,Pune,2026-02-06 10:02:45.962865,140079
735,423,Phone,35822,1,Pune,2026-01-05 10:02:45.962866,35822
736,324,Mouse,12245,5,Bangalore,2025-12-19 10:02:45.962867,61225
737,240,Phone,42579,5,Pune,2026-01-18 10:02:45.962869,212895
738,450,Phone,8324,1,Jaipur,2025-11-27 10:02:45.962870,8324
739,342,Phone,29746,1,Mumbai,2026-01-08 10:02:45.962871,29746
740,327,Mouse,4480,4,Pune,2026-03-04 10:02:45.962872,17920
741,158,Headphones,16285,4,Delhi,2025-12-15 10:02:45.962873,65140
742,496,Mouse,25604,5,Jaipur,2026-01-31 10:02:45.962874,128020
743,487,Laptop,28015,4,Pune,2026-01-27 10:02:45.962875,112060
744,422,Phone,19263,4,Pune,2025-12-19 10:02:45.962877,77052
745,403,Keyboard,35081,4,Mumbai,2026-01-01 10:02:45.962878,140324
746,280,Phone,1579,1,Pune,2026-01-23 10:02:45.962879,1579
747,279,Mouse,14372,2,Pune,2026-03-04 10:02:45.962880,28744
748,134,Mouse,32174,4,Mumbai,2026-01-22 10:02:45.962881,128696
749,311,Mouse,5962,5,Bangalore,2026-01-19 10:02:45.962882,29810
750,409,Keyboard,7773,1,Bangalore,2026-02-20 10:02:45.962883,7773
751,449,Laptop,30524,4,Mumbai,2026-01-02 10:02:45.962884,122096
752,224,Headphones,37670,3,Pune,2025-12-19 10:02:45.962886,113010
753,362,Keyboard,18282,3,Mumbai,2026-02-17 10:02:45.962887,54846
754,395,Headphones,36725,5,Jaipur,2025-12-17 10:02:45.962888,183625
755,488,Mouse,30368,2,Mumbai,2026-03-02 10:02:45.962889,60736
756,189,Laptop,42176,4,Mumbai,2026-02-22 10:02:45.962890,168704
757,263,Headphones,20711,2,Delhi,2025-12-31 10:02:45.962891,41422
758,113,Phone,28097,5,Bangalore,2025-11-30 10:02:45.962892,140485
759,172,Keyboard,17440,4,Mumbai,2026-01-08 10:02:45.962893,69760
760,279,Keyboard,35506,1,Delhi,2026-03-03 10:02:45.962894,35506
761,328,Mouse,19920,1,Jaipur,2025-12-11 10:02:45.962896,19920
762,178,Keyboard,25418,1,Jaipur,2026-01-23 10:02:45.962897,25418
763,293,Laptop,3515,5,Bangalore,2025-12-26 10:02:45.962898,17575
764,118,Phone,39148,2,Pune,2025-12-15 10:02:45.962900,78296
765,439,Phone,33399,3,Delhi,2026-02-24 10:02:45.962901,100197
766,308,Phone,1324,2,Mumbai,2026-01-05 10:02:45.962902,2648
767,112,Headphones,5758,1,Jaipur,2026-01-02 10:02:45.962904,5758
768,476,Headphones,41553,3,Delhi,2026-02-15 10:02:45.962905,124659
769,440,Mouse,2016,2,Delhi,2025-12-08 10:02:45.962906,4032
770,166,Headphones,29928,2,Mumbai,2026-01-13 10:02:45.962907,59856
771,103,Laptop,19832,4,Jaipur,2026-01-28 10:02:45.962908,79328
772,321,Keyboard,29541,3,Mumbai,2026-01-24 10:02:45.962909,88623
773,307,Headphones,9236,5,Bangalore,2026-01-12 10:02:45.962910,46180
774,374,Keyboard,35841,1,Jaipur,2025-12-09 10:02:45.962911,35841
775,401,Phone,16412,2,Mumbai,2026-01-02 10:02:45.962912,32824
776,323,Mouse,41737,2,Delhi,2026-02-06 10:02:45.962913,83474
777,222,Mouse,47977,5,Bangalore,2026-01-30 10:02:45.962914,239885
778,149,Phone,10668,2,Mumbai,2026-02-11 10:02:45.962916,21336
779,470,Mouse,6276,5,Mumbai,2026-01-16 10:02:45.962917,31380
780,405,Headphones,13962,5,Jaipur,2026-01-02 10:02:45.962918,69810
781,115,Headphones,10041,4,Delhi,2026-02-11 10:02:45.962919,40164
782,135,Mouse,10695,1,Jaipur,2026-01-27 10:02:45.962920,10695
783,150,Headphones,49144,4,Mumbai,2026-02-14 10:02:45.962921,196576
784,195,Laptop,28116,5,Pune,2025-12-16 10:02:45.962922,140580
785,109,Laptop,23317,2,Mumbai,2026-02-15 10:02:45.962923,46634
786,364,Phone,18926,4,Jaipur,2026-01-17 10:02:45.962924,75704
787,374,Headphones,31459,5,Jaipur,2026-01-30 10:02:45.962925,157295
788,337,Keyboard,19632,4,Pune,2025-11-28 10:02:45.962926,78528
789,274,Laptop,43738,2,Mumbai,2026-02-04 10:02:45.962928,87476
790,248,Headphones,9073,4,Jaipur,2025-12-31 10:02:45.962929,36292
791,114,Headphones,48332,3,Delhi,2026-01-07 10:02:45.962930,144996
792,117,Headphones,15989,3,Bangalore,2026-01-15 10:02:45.962931,47967
793,441,Phone,31646,3,Mumbai,2026-02-15 10:02:45.962932,94938
794,422,Laptop,13822,3,Delhi,2025-11-28 10:02:45.962933,41466
795,128,Laptop,40993,4,Bangalore,2026-01-20 10:02:45.962934,163972
796,455,Laptop,31409,1,Delhi,2025-12-08 10:02:45.962936,31409
797,244,Keyboard,5586,2,Jaipur,2026-01-27 10:02:45.962937,11172
798,256,Laptop,1935,3,Delhi,2026-02-02 10:02:45.962938,5805
799,431,Mouse,6246,5,Bangalore,2026-02-17 10:02:45.962939,31230
800,106,Keyboard,37826,5,Mumbai,2026-01-23 10:02:45.962940,189130
801,246,Laptop,31313,3,Jaipur,2026-02-04 10:02:45.962941,93939
802,282,Phone,45090,3,Pune,2025-11-26 10:02:45.962942,135270
803,416,Mouse,26860,1,Delhi,2026-02-11 10:02:45.962944,26860
804,491,Mouse,22426,3,Pune,2026-02-26 10:02:45.962945,67278
805,150,Mouse,10563,4,Jaipur,2026-01-05 10:02:45.962946,42252
806,278,Keyboard,10559,1,Mumbai,2026-01-10 10:02:45.962947,10559
807,197,Headphones,21929,3,Bangalore,2026-02-22 10:02:45.962948,65787
808,450,Laptop,17340,2,Delhi,2026-02-19 10:02:45.962949,34680
809,392,Phone,19867,3,Jaipur,2026-02-14 10:02:45.962950,59601
810,181,Headphones,41675,1,Mumbai,2025-12-11 10:02:45.962952,41675
811,457,Laptop,46020,3,Bangalore,2025-12-17 10:02:45.962953,138060
812,288,Headphones,5876,1,Pune,2026-01-29 10:02:45.962954,5876
813,454,Keyboard,21070,3,Jaipur,2026-03-02 10:02:45.962955,63210
814,453,Keyboard,22440,4,Pune,2026-01-05 10:02:45.962956,89760
815,211,Mouse,13171,4,Pune,2026-02-20 10:02:45.962957,52684
816,357,Laptop,25870,1,Mumbai,2026-01-22 10:02:45.962958,25870
817,128,Mouse,6275,1,Mumbai,2026-01-24 10:02:45.962959,6275
818,178,Mouse,46120,2,Bangalore,2026-02-13 10:02:45.962961,92240
819,184,Phone,14330,5,Jaipur,2025-12-15 10:02:45.962962,71650
820,447,Headphones,34783,2,Pune,2026-01-16 10:02:45.962963,69566
821,389,Headphones,25477,2,Bangalore,2025-12-04 10:02:45.962964,50954
822,137,Laptop,44746,2,Bangalore,2025-11-27 10:02:45.962965,89492
823,110,Phone,22391,3,Jaipur,2025-12-16 10:02:45.962966,67173
824,195,Mouse,26904,2,Pune,2026-01-21 10:02:45.962967,53808
825,199,Keyboard,20934,5,Delhi,2025-12-02 10:02:45.962968,104670
826,215,Laptop,35955,5,Bangalore,2026-01-30 10:02:45.962970,179775
827,495,Mouse,22330,2,Mumbai,2026-03-02 10:02:45.962971,44660
828,214,Headphones,9625,1,Pune,2026-01-01 10:02:45.962972,9625
829,192,Phone,41357,3,Jaipur,2025-12-28 10:02:45.962973,124071
830,482,Headphones,47092,3,Mumbai,2026-02-01 10:02:45.962974,141276
831,175,Mouse,42673,4,Bangalore,2025-12-04 10:02:45.962975,170692
832,378,Phone,8381,5,Pune,2026-01-02 10:02:45.962976,41905
833,469,Phone,28352,1,Mumbai,2025-12-26 10:02:45.962978,28352
834,291,Mouse,41318,5,Delhi,2026-02-19 10:02:45.962979,206590
835,324,Headphones,12724,2,Pune,2026-02-27 10:02:45.962980,25448
836,212,Phone,8119,1,Jaipur,2026-01-27 10:02:45.962981,8119
837,442,Keyboard,27332,3,Bangalore,2025-12-20 10:02:45.962982,81996
838,417,Phone,46661,1,Mumbai,2025-11-26 10:02:45.962983,46661
839,418,Headphones,48842,4,Mumbai,2025-11-30 10:02:45.962984,195368
840,389,Laptop,20931,2,Pune,2025-12-02 10:02:45.962985,41862
841,461,Headphones,26825,2,Delhi,2026-01-07 10:02:45.962986,53650
842,102,Mouse,40879,2,Delhi,2025-12-30 10:02:45.962988,81758
843,258,Mouse,8137,1,Jaipur,2026-02-04 10:02:45.962989,8137
844,484,Phone,30910,1,Delhi,2026-01-03 10:02:45.962990,30910
845,168,Headphones,43783,2,Bangalore,2025-12-24 10:02:45.962992,87566
846,186,Laptop,25058,1,Pune,2025-12-12 10:02:45.962993,25058
847,127,Phone,17546,5,Delhi,2025-11-29 10:02:45.962994,87730
848,460,Headphones,3833,4,Jaipur,2025-12-24 10:02:45.962995,15332
849,454,Phone,43119,5,Mumbai,2026-01-13 10:02:45.962996,215595
850,193,Mouse,7876,4,Jaipur,2026-02-09 10:02:45.962997,31504
851,402,Laptop,10570,5,Jaipur,2025-12-18 10:02:45.962998,52850
852,481,Mouse,5474,4,Mumbai,2025-12-04 10:02:45.962999,21896
853,498,Keyboard,13189,1,Delhi,2026-02-19 10:02:45.963001,13189
854,496,Headphones,48792,3,Mumbai,2026-01-21 10:02:45.963002,146376
855,316,Keyboard,25054,1,Jaipur,2026-01-15 10:02:45.963003,25054
856,277,Keyboard,45586,5,Delhi,2025-12-21 10:02:45.963004,227930
857,201,Mouse,26099,4,Mumbai,2026-01-18 10:02:45.963005,104396
858,185,Mouse,15441,4,Bangalore,2026-02-10 10:02:45.963006,61764
859,215,Phone,14977,5,Mumbai,2026-02-14 10:02:45.963007,74885
860,395,Mouse,4680,3,Delhi,2026-01-14 10:02:45.963009,14040
861,403,Mouse,18641,5,Jaipur,2025-12-10 10:02:45.963010,93205
862,112,Keyboard,19195,2,Pune,2026-01-29 10:02:45.963011,38390
863,476,Laptop,11221,1,Jaipur,2026-02-12 10:02:45.963012,11221
864,223,Laptop,12841,1,Delhi,2025-12-25 10:02:45.963013,12841
865,155,Laptop,40969,2,Mumbai,2025-12-30 10:02:45.963015,81938
866,400,Headphones,23743,2,Mumbai,2026-01-03 10:02:45.963016,47486
867,235,Headphones,23551,2,Jaipur,2026-02-14 10:02:45.963017,47102
868,293,Mouse,38143,5,Jaipur,2025-12-06 10:02:45.963018,190715
869,138,Laptop,26903,3,Jaipur,2026-02-14 10:02:45.963019,80709
870,156,Laptop,3544,5,Mumbai,2026-01-23 10:02:45.963020,17720
871,466,Phone,25738,4,Bangalore,2026-01-22 10:02:45.963021,102952
872,436,Keyboard,34817,1,Pune,2026-01-29 10:02:45.963023,34817
873,475,Phone,40954,4,Pune,2026-01-21 10:02:45.963024,163816
874,482,Phone,26771,4,Jaipur,2025-12-04 10:02:45.963025,107084
875,410,Keyboard,47384,3,Bangalore,2026-02-21 10:02:45.963026,142152
876,359,Keyboard,22495,3,Pune,2026-02-28 10:02:45.963027,67485
877,479,Keyboard,16967,2,Mumbai,2025-12-27 10:02:45.963028,33934
878,417,Mouse,47519,3,Pune,2025-12-14 10:02:45.963029,142557
879,214,Headphones,28955,1,Mumbai,2025-12-10 10:02:45.963031,28955
880,414,Phone,25391,2,Mumbai,2025-12-13 10:02:45.963032,50782
881,358,Laptop,31034,1,Pune,2025-12-30 10:02:45.963033,31034
882,446,Headphones,45417,4,Bangalore,2026-02-10 10:02:45.963034,181668
883,485,Phone,25253,3,Bangalore,2026-02-07 10:02:45.963035,75759
884,113,Laptop,24343,1,Mumbai,2025-12-13 10:02:45.963036,24343
885,250,Keyboard,38765,5,Mumbai,2025-12-18 10:02:45.963038,193825
886,123,Phone,20490,5,Delhi,2026-02-08 10:02:45.963039,102450
887,359,Mouse,8394,1,Pune,2026-01-29 10:02:45.963040,8394
888,137,Headphones,18421,3,Bangalore,2025-12-08 10:02:45.963041,55263
889,158,Phone,41409,5,Bangalore,2026-01-29 10:02:45.963042,207045
890,114,Keyboard,32959,2,Bangalore,2025-12-01 10:02:45.963043,65918
891,433,Keyboard,23543,4,Jaipur,2025-12-29 10:02:45.963044,94172
892,154,Phone,22234,1,Jaipur,2025-12-26 10:02:45.963045,22234
893,107,Phone,33291,2,Delhi,2026-02-07 10:02:45.963046,66582
894,131,Headphones,44797,1,Delhi,2025-11-30 10:02:45.963048,44797
895,324,Laptop,44871,3,Mumbai,2025-12-28 10:02:45.963049,134613
896,492,Phone,23917,4,Pune,2025-12-21 10:02:45.963050,95668
897,483,Headphones,42306,2,Bangalore,2025-12-01 10:02:45.963051,84612
898,284,Laptop,26098,2,Jaipur,2026-02-27 10:02:45.963052,52196
899,213,Mouse,12672,4,Delhi,2026-02-20 10:02:45.963054,50688
900,395,Headphones,44062,1,Mumbai,2026-02-04 10:02:45.963055,44062
901,414,Headphones,42666,4,Bangalore,2025-12-02 10:02:45.963056,170664
902,146,Laptop,6237,3,Bangalore,2026-02-21 10:02:45.963057,18711
903,286,Headphones,36709,1,Delhi,2026-02-18 10:02:45.963058,36709
904,211,Headphones,19683,4,Jaipur,2025-12-20 10:02:45.963059,78732
905,309,Mouse,33299,4,Delhi,2026-02-27 10:02:45.963060,133196
906,465,Keyboard,39179,1,Pune,2026-01-11 10:02:45.963062,39179
907,349,Mouse,48776,5,Bangalore,2025-12-08 10:02:45.963063,243880
908,425,Headphones,38899,4,Mumbai,2026-02-11 10:02:45.963064,155596
909,106,Phone,47470,3,Pune,2026-01-14 10:02:45.963065,142410
910,152,Laptop,26828,2,Mumbai,2025-11-28 10:02:45.963066,53656
911,163,Phone,40417,5,Delhi,2025-12-01 10:02:45.963067,202085
912,196,Mouse,37617,1,Bangalore,2026-02-21 10:02:45.963068,37617
913,361,Headphones,4291,2,Delhi,2025-12-26 10:02:45.963069,8582
914,459,Phone,13297,5,Mumbai,2026-02-02 10:02:45.963070,66485
915,128,Mouse,29003,3,Delhi,2026-02-06 10:02:45.963071,87009
916,462,Phone,10148,2,Mumbai,2026-01-12 10:02:45.963072,20296
917,493,Mouse,11902,4,Delhi,2026-01-24 10:02:45.963074,47608
918,463,Laptop,2404,1,Mumbai,2025-12-25 10:02:45.963075,2404
919,490,Laptop,9956,3,Delhi,2025-12-21 10:02:45.963076,29868
920,362,Mouse,31576,4,Mumbai,2026-01-17 10:02:45.963078,126304
921,383,Mouse,17496,3,Mumbai,2025-12-07 10:02:45.963079,52488
922,356,Laptop,12436,5,Pune,2025-12-22 10:02:45.963080,62180
923,312,Phone,28198,5,Delhi,2026-01-01 10:02:45.963082,140990
924,279,Keyboard,5478,2,Delhi,2026-01-10 10:02:45.963083,10956
925,152,Mouse,9510,2,Delhi,2025-11-28 10:02:45.963084,19020
926,284,Phone,3664,2,Bangalore,2026-01-08 10:02:45.963085,7328
927,461,Headphones,26748,5,Bangalore,2026-01-20 10:02:45.963086,133740
928,468,Phone,27272,2,Mumbai,2026-01-07 10:02:45.963087,54544
929,498,Headphones,6807,3,Pune,2025-11-29 10:02:45.963088,20421
930,459,Mouse,25149,5,Pune,2026-02-09 10:02:45.963089,125745
931,253,Laptop,9702,1,Bangalore,2025-12-14 10:02:45.963090,9702
932,262,Keyboard,24254,3,Jaipur,2025-12-12 10:02:45.963091,72762
933,307,Mouse,4511,1,Jaipur,2026-02-08 10:02:45.963093,4511
934,499,Headphones,29445,1,Mumbai,2026-02-13 10:02:45.963094,29445
935,287,Mouse,42907,5,Bangalore,2026-02-15 10:02:45.963095,214535
936,128,Keyboard,28170,4,Mumbai,2025-12-20 10:02:45.963096,112680
937,418,Phone,2212,4,Bangalore,2026-01-17 10:02:45.963097,8848
938,452,Phone,40814,5,Mumbai,2026-02-27 10:02:45.963098,204070
939,302,Laptop,22029,5,Pune,2026-01-21 10:02:45.963099,110145
940,447,Laptop,36094,2,Pune,2026-01-09 10:02:45.963101,72188
941,330,Laptop,36271,3,Jaipur,2026-01-02 10:02:45.963102,108813
942,331,Laptop,37868,1,Delhi,2026-02-01 10:02:45.963103,37868
943,304,Laptop,3131,3,Bangalore,2026-01-09 10:02:45.963104,9393
944,344,Mouse,30224,4,Delhi,2026-02-12 10:02:45.963105,120896
945,420,Phone,10497,2,Delhi,2025-12-18 10:02:45.963107,20994
946,320,Headphones,17927,3,Mumbai,2026-03-02 10:02:45.963108,53781
947,380,Mouse,33417,3,Jaipur,2025-12-17 10:02:45.963109,100251
948,497,Keyboard,36301,1,Bangalore,2026-01-25 10:02:45.963110,36301
949,186,Mouse,48987,3,Bangalore,2026-02-18 10:02:45.963112,146961
950,124,Laptop,28149,4,Pune,2025-12-15 10:02:45.963113,112596
951,225,Keyboard,39773,1,Bangalore,2025-11-30 10:02:45.963114,39773
952,490,Keyboard,6013,2,Mumbai,2026-01-22 10:02:45.963115,12026
953,478,Keyboard,46016,3,Mumbai,2026-03-04 10:02:45.963116,138048
954,254,Phone,39194,5,Bangalore,2026-01-08 10:02:45.963117,195970
955,406,Mouse,6684,2,Jaipur,2025-11-26 10:02:45.963118,13368
956,147,Keyboard,24567,5,Mumbai,2025-12-03 10:02:45.963119,122835
957,248,Headphones,37297,1,Pune,2025-12-24 10:02:45.963120,37297
958,235,Headphones,34557,5,Jaipur,2025-12-22 10:02:45.963122,172785
959,369,Laptop,44250,2,Jaipur,2025-12-29 10:02:45.963123,88500
960,437,Phone,14060,5,Delhi,2026-02-17 10:02:45.963124,70300
961,396,Laptop,40806,3,Bangalore,2026-03-04 10:02:45.963125,122418
962,190,Laptop,46434,4,Mumbai,2025-12-27 10:02:45.963126,185736
963,318,Laptop,19491,1,Mumbai,2026-02-13 10:02:45.963127,19491
964,127,Keyboard,858,5,Delhi,2026-01-22 10:02:45.963128,4290
965,312,Phone,18683,1,Bangalore,2026-01-05 10:02:45.963129,18683
966,477,Mouse,15643,5,Bangalore,2026-01-20 10:02:45.963130,78215
967,188,Headphones,39370,2,Delhi,2026-02-04 10:02:45.963132,78740
968,405,Headphones,47384,4,Bangalore,2026-01-12 10:02:45.963133,189536
969,489,Keyboard,40927,3,Jaipur,2026-01-30 10:02:45.963134,122781
970,381,Headphones,45631,2,Bangalore,2026-02-25 10:02:45.963135,91262
971,237,Phone,11340,2,Jaipur,2026-03-03 10:02:45.963136,22680
972,417,Laptop,1220,2,Mumbai,2025-12-23 10:02:45.963138,2440
973,127,Headphones,21395,4,Bangalore,2025-12-30 10:02:45.963139,85580
974,178,Headphones,24336,2,Bangalore,2025-12-03 10:02:45.963140,48672
975,432,Mouse,13124,4,Bangalore,2025-12-02 10:02:45.963141,52496
976,414,Mouse,48516,5,Delhi,2025-11-27 10:02:45.963142,242580
977,224,Laptop,10568,3,Jaipur,2026-01-04 10:02:45.963143,31704
978,337,Headphones,4730,3,Pune,2026-01-23 10:02:45.963144,14190
979,268,Keyboard,26987,1,Bangalore,2025-11-29 10:02:45.963146,26987
980,177,Keyboard,46371,2,Mumbai,2026-03-02 10:02:45.963147,92742
981,102,Mouse,37021,4,Mumbai,2026-01-14 10:02:45.963148,148084
982,328,Laptop,9058,4,Jaipur,2025-12-06 10:02:45.963149,36232
983,353,Keyboard,30387,3,Pune,2026-02-23 10:02:45.963150,91161
984,308,Phone,12518,3,Mumbai,2026-02-05 10:02:45.963151,37554
985,355,Phone,33782,5,Bangalore,2025-12-24 10:02:45.963152,168910
986,207,Laptop,15359,1,Mumbai,2026-02-15 10:02:45.963153,15359
987,296,Mouse,29825,4,Mumbai,2026-03-02 10:02:45.963154,119300
988,183,Phone,43911,3,Bangalore,2025-12-14 10:02:45.963155,131733
989,451,Keyboard,21054,4,Mumbai,2026-02-26 10:02:45.963156,84216
990,208,Keyboard,16966,4,Pune,2025-12-12 10:02:45.963157,67864
991,241,Headphones,3849,2,Bangalore,2026-01-27 10:02:45.963159,7698
992,367,Mouse,12107,5,Mumbai,2025-12-06 10:02:45.963160,60535
993,164,Phone,38963,4,Bangalore,2026-02-03 10:02:45.963161,155852
994,248,Laptop,47207,3,Jaipur,2026-02-14 10:02:45.963162,141621
995,298,Laptop,6389,5,Delhi,2026-01-06 10:02:45.963163,31945
996,274,Keyboard,31162,1,Mumbai,2026-01-13 10:02:45.963164,31162
997,114,Headphones,33878,5,Jaipur,2026-02-12 10:02:45.963165,169390
998,179,Mouse,24048,3,Mumbai,2026-01-19 10:02:45.963168,72144
999,292,Headphones,49478,1,Delhi,2026-03-03 10:02:45.963170,49478
